<?xml version="1.0" encoding="UTF-8" standalone="yes"?>
<addon id="repository.gabi" name="Gabi repository" version="1.0.0" provider-name="gabi">
	<extension point="xbmc.addon.repository" name="Gabi repository">
		<info compressed="false">http://kodi.kazav.net/repo/addons.xml</info>
		<checksum>http://kodi.kazav.net/repo/addons.xml.md5</checksum>
		<datadir zip="true">http://kodi.kazav.net/repo/</datadir>
	</extension>
	<extension point="xbmc.addon.metadata">
		<summary>Install Add-ons from Gabi</summary>
		<description>Download and install add-ons from Gabi repository.</description>
		<platform>all</platform>
	</extension>
</addon>
