<?xml version="1.0" encoding="UTF-8" standalone="yes"?>
<addon id="plugin.video.hotVOD.video" name="Hot VOD" version="1.0.0" provider-name="Gabi">
    <requires> <import addon="xbmc.python" version="2.1.0"/> </requires>
    <extension point="xbmc.python.pluginsource" library="Hot.py"> <provides>video</provides> </extension>
    <extension point="xbmc.addon.metadata">
        <platform>all</platform>
        <summary>Watch Hot video contents.</summary>
        <description>Watch Hot Video contents from Hot.ynet.co.il.</description>
    </extension>
</addon>
