<?xml version="1.0" encoding="UTF-8" standalone="yes"?>
<addon id="plugin.video.MakoTV" name="MakoTV (web)" version="1.0.0" provider-name="Gabi">
	<requires> <import addon="xbmc.python" version="2.1.0"/> </requires>
	<extension point="xbmc.python.pluginsource" library="default.py"> <provides>video</provides> </extension>
	<extension point="xbmc.addon.metadata">
		<summary>Watch MakoTV Videos</summary>
		<description>Watch Mako Video content from MakoTV website.</description>
		<platform>all</platform>
	</extension>
</addon>
