<?xml version="1.0" encoding="UTF-8" standalone="yes"?>
<addon id="plugin.video.reshet.video" name="Reshet" version="1.0.0" provider-name="Gabi">
    <requires> <import addon="xbmc.python" version="2.1.0"/> </requires>
    <extension point="xbmc.python.pluginsource" library="reshet.py"> <provides>video</provides> </extension>
    <extension point="xbmc.addon.metadata">
        <platform>all</platform>
        <summary>Watch Reshet video contents.</summary>
        <description>Watch contents from Reshet's android application.</description>
    </extension>
</addon>
