<?xml version="1.0" encoding="UTF-8" standalone="yes"?>
<addon id="plugin.video.israelsports" name="Israel Sports" version="1.0.0" provider-name="Gabi">
  <requires> <import addon="xbmc.python" version="2.1.0"/> <import addon="plugin.video.youtube" version="5.1.3"/> </requires>
  <extension point="xbmc.python.pluginsource" library="default.py"> <provides>video</provides> </extension>
  <extension point="xbmc.addon.metadata">
    <summary>Plays episodes from sport5 and one.co.il site</summary>
    <description>This addon parse sport5 site and one.co.il  you should check sport5 TOS before you using. It's as is</description>
    <platform>all</platform>
  </extension>
</addon>
