<?xml version="1.0" encoding="UTF-8" standalone="yes"?>
<addon id="plugin.video.makoTV.video" name="Mako TV" version="1.0.0" provider-name="Gabi">
    <requires> <import addon="xbmc.python" version="2.1.0"/> </requires>
    <extension point="xbmc.python.pluginsource" library="Mako.py"> <provides>video</provides> </extension>
    <extension point="xbmc.addon.metadata">
        <platform>all</platform>
        <summary>Watch Mako video contents.</summary>
        <description>Watch Mako Video contents from Mako Application for cellular.</description>
    </extension>
</addon>
