<?xml version="1.0" encoding="UTF-8" standalone="yes"?>
<addon id="service.subtitles.opensubtitles" name="OpenSubtitles.org" version="1.0.0" provider-name="Gabi">
  <requires> <import addon="xbmc.python" version="2.1.0"/> </requires>
  <extension point="xbmc.subtitle.module" library="service.py" />
  <extension point="xbmc.addon.metadata">
    <summary>OpenSubtitles</summary>
    <description>Search and download subtitles from opensubtitles.org</description>
    <platform>all</platform>
  </extension>
</addon>
