<?xml version="1.0" encoding="UTF-8" standalone="yes"?>
<addon id="plugin.video.israelive" name="IsraeLIVE" version="1.0.0" provider-name="Gabi">
  <requires> <import addon="xbmc.python" version="2.1.0"/> </requires>
  <extension point="xbmc.python.pluginsource" library="default.py"> <provides>video</provides> </extension>
  <extension point="xbmc.service" library="service.py" start="[login|startup]"/>
  <extension point="xbmc.addon.metadata">
    <summary>Benny123's project</summary>
    <description>Watch Live TV channels from Israel and all over the world.[CR][CR]The addon page and free download:[CR][COLOR blue]http://www.hometheater.co.il/vt219048.html[/COLOR][CR][CR]More addons on The Israeli repo:[CR][COLOR blue]https://github.com/cubicle-vdo/xbmc-israel[/COLOR]</description>
    <platform>all</platform>
  </extension>
</addon>
